      20,  -0.001648,   0.002869,   0.269609
      36,  -0.001282,   0.003601,   0.270463
      51,  -0.001160,   0.006043,   0.271562
      67,  -0.001404,   0.007874,   0.270952
      83,  -0.001526,   0.008973,   0.270707
      98,  -0.001648,   0.007752,   0.270830
     114,  -0.001526,   0.008606,   0.272172
     129,  -0.002136,   0.007142,   0.280107
     145,  -0.003723,   0.009827,   0.290362
     161,  -0.001526,   0.002136,   0.301105
     176,  -0.002503,   0.009095,   0.301959
     192,  -0.000061,   0.009949,   0.297198
     208,   0.001404,   0.007874,   0.288165
     223,   0.001648,   0.003845,   0.269365
     239,   0.001160,   0.007142,   0.269609
     254,   0.001404,   0.004700,   0.283281
     270,   0.001160,   0.004822,   0.301959
     286,   0.001404,   0.005310,   0.309284
     301,   0.001526,   0.006653,   0.291461
     317,   0.001282,   0.006409,   0.271440
     332,   0.001282,   0.007508,   0.278398
     348,   0.000916,   0.009583,   0.299029
     364,   0.001526,   0.006531,   0.311970
     379,   0.001160,   0.009339,   0.314777
     395,   0.001404,   0.005677,   0.308552
     411,   0.001282,   0.003113,   0.299884
     426,   0.001648,   0.008362,   0.271684
     442,   0.001160,   0.003845,   0.260819
     458,   0.001282,   0.008362,   0.272905
     473,   0.000916,   0.004700,   0.272050
     489,   0.001526,   0.004456,   0.262406
     504,   0.001770,   0.004212,   0.248367
     520,   0.001282,   0.007142,   0.313435
     536,   0.001404,   0.010804,   0.321614
     551,   0.001038,   0.007508,   0.320271
     567,   0.001526,   0.008240,   0.316242
     583,   0.001160,   0.006165,   0.304035
     598,   0.001038,   0.005555,   0.288775
     614,   0.001160,   0.007874,   0.282671
     629,   0.001160,   0.012025,   0.278276
     645,   0.001282,   0.007142,   0.268388
     660,   0.001648,   0.007874,   0.292804
     676,   0.001526,   0.005799,   0.289874
     692,   0.001282,   0.006897,   0.270830
     708,   0.001404,   0.009827,   0.278520
     723,   0.001160,   0.003235,   0.287188
     739,   0.008484,   0.004456,   0.318806
     754,   0.013612,  -0.000061,   0.306110
     770,   0.014955,   0.010682,   0.283770
     786,   0.014710,   0.004944,   0.256180
     801,   0.011903,   0.014344,   0.232863
     817,   0.009827,   0.008484,   0.221510
     832,   0.008729,   0.007630,   0.247513
     848,   0.005310,   0.011658,   0.264237
     864,   0.005432,   0.009949,   0.298419
     879,   0.000183,   0.006897,   0.245559
     895,   0.000916,   0.007752,   0.281572
     911,   0.001160,   0.006775,   0.315266
     926,   0.002014,   0.007630,   0.315632
     942,   0.004456,   0.002991,   0.284746
     957,   0.012635,   0.003113,   0.283281
     973,   0.016297,   0.009339,   0.273027
     988,   0.008240,   0.017152,   0.240310
    1004,   0.001404,   0.002869,   0.216749
    1020,   0.001282,   0.008240,   0.247635
    1036,   0.001160,   0.005310,   0.272661
    1051,   0.001648,   0.006653,   0.296710
    1067,   0.001648,   0.003479,   0.304279
    1082,   0.001404,   0.006043,   0.305988
    1098,   0.001160,   0.005188,   0.313923
    1113,   0.001648,   0.005066,   0.330159
    1129,   0.001648,   0.003845,   0.313435
    1145,   0.001648,   0.006897,   0.304279
    1160,   0.002014,   0.005066,   0.278887
    1176,   0.002747,   0.004944,   0.265824
    1192,   0.002747,   0.006165,   0.265214
    1207,   0.003357,   0.003968,   0.250198
    1223,   0.004822,   0.007874,   0.244217
    1239,   0.002014,   0.008484,   0.275591
    1254,   0.001526,   0.006409,   0.268754
    1270,   0.011414,  -0.007996,   0.245682
    1286,   0.029360,   0.008973,   0.288165
    1301,   0.003968,   0.012269,   0.267655
    1317,   0.001038,   0.004700,   0.241042
    1332,   0.001038,   0.010071,   0.247635
    1348,   0.000793,   0.008729,   0.260575
    1363,   0.000793,   0.008973,   0.292804
    1379,   0.001282,   0.004578,   0.307331
    1395,   0.000916,   0.007020,   0.306232
    1410,   0.001160,   0.011536,   0.296954
    1426,   0.001282,   0.005799,   0.294391
    1442,   0.001038,   0.007020,   0.303546
    1457,   0.000916,   0.002258,   0.292926
    1473,   0.001404,   0.008362,   0.286333
    1488,   0.001160,   0.006531,   0.283526
    1504,   0.001038,   0.006287,   0.256424
    1520,   0.001282,   0.007386,   0.256913
    1536,   0.001038,   0.009705,   0.279619
    1551,  -0.001892,   0.008240,   0.294513
    1567,  -0.000671,   0.002380,   0.276811
    1582,   0.001282,   0.005310,   0.286089
    1598,   0.001404,   0.006409,   0.290972
    1613,   0.001526,   0.005555,   0.292437
    1629,   0.001526,   0.006409,   0.289019
    1645,   0.001038,   0.008973,   0.285967
    1660,   0.001160,   0.003235,   0.269120
    1676,   0.001282,   0.002991,   0.284624
    1692,   0.000793,   0.010071,   0.286456
    1707,   0.001160,   0.012269,   0.266679
    1723,   0.001648,   0.002991,   0.256913
    1738,   0.000916,   0.008240,   0.268388
    1754,   0.001160,   0.008606,   0.293780
    1770,   0.001160,   0.006897,   0.311726
    1785,   0.001160,   0.001526,   0.288287
    1801,   0.001282,   0.008484,   0.267900
    1816,   0.000671,   0.005432,   0.264603
    1832,   0.001038,   0.006897,   0.266191
    1848,   0.001404,   0.009339,   0.271196
    1863,   0.000916,   0.006165,   0.287920
    1879,   0.001526,   0.007264,   0.298419
    1895,   0.001404,   0.005677,   0.275591
    1910,   0.001038,   0.010804,   0.277178
    1926,   0.001282,   0.006409,   0.268388
    1942,   0.001160,   0.006531,   0.240310
    1957,   0.001404,   0.006653,   0.261063
    1973,   0.001282,   0.005066,   0.314167
    1988,   0.001404,   0.009339,   0.314900
    2004,   0.001282,   0.008362,   0.315388
    2020,   0.001526,   0.005555,   0.305377
    2035,   0.001404,   0.004578,   0.275224
    2051,   0.001038,   0.003357,   0.257523
    2067,   0.001282,   0.009339,   0.259354
    2082,   0.001160,   0.007386,   0.264359
    2098,   0.001526,   0.009705,   0.283404
    2113,   0.001526,   0.009827,   0.248733
    2129,   0.001282,   0.004456,   0.269243
    2144,   0.001404,   0.003968,   0.276567
    2160,   0.001160,   0.004090,   0.301837
    2180,   0.001404,   0.004456,   0.314533
    2196,   0.001526,   0.005799,   0.285479
    2211,   0.001038,   0.006775,   0.270952
    2227,   0.000916,   0.008118,   0.247146
    2242,   0.001282,   0.007630,   0.255814
    2258,   0.001160,   0.007874,   0.303180
    2274,   0.001526,   0.007874,   0.301593
    2289,   0.001404,   0.009217,   0.287798
    2305,   0.000671,   0.007752,   0.244217
    2320,   0.001038,   0.009583,   0.255204
    2336,   0.001160,   0.003723,   0.276323
    2352,   0.001282,   0.007752,   0.290118
    2367,   0.001282,   0.003479,   0.289385
    2383,   0.001282,   0.006409,   0.283526
    2398,   0.001160,   0.008118,   0.281572
    2414,   0.001160,   0.008851,   0.282427
    2430,   0.001160,   0.005921,   0.290484
    2445,   0.001160,   0.004212,   0.290850
    2461,   0.001648,   0.001892,   0.282915
    2477,   0.001526,   0.001038,   0.282549
    2492,   0.001526,   0.007386,   0.274126
    2508,   0.001526,   0.004700,   0.267900
    2523,   0.001404,   0.007752,   0.262650
    2539,   0.001282,   0.004578,   0.275224
    2555,   0.001526,   0.008973,   0.268022
    2570,   0.001404,   0.007020,   0.282671
    2586,   0.001282,   0.007630,   0.285357
    2602,   0.001282,   0.007142,   0.268388
    2617,   0.001282,   0.007630,   0.260819
    2633,   0.001282,   0.006775,   0.270830
    2648,   0.001160,   0.008118,   0.267411
    2664,   0.001160,   0.009461,   0.265946
    2680,   0.001404,   0.004944,   0.266435
    2695,   0.001770,   0.005677,   0.276445
    2711,   0.001282,   0.008606,   0.278643
    2727,   0.001526,   0.007020,   0.289874
    2742,   0.001526,   0.006531,   0.276811
    2758,   0.001282,   0.007996,   0.265702
    2774,   0.000916,   0.007142,   0.268632
    2789,   0.001038,   0.006775,   0.270707
    2805,   0.001282,   0.007142,   0.275346
    2820,   0.001038,   0.007874,   0.274004
    2836,   0.001648,   0.002747,   0.288897
    2852,   0.001160,   0.006775,   0.289752
    2867,   0.001526,   0.007752,   0.261430
    2883,   0.001038,   0.007508,   0.260209
    2898,   0.001160,   0.007020,   0.284502
    2914,   0.001282,   0.007386,   0.300739
    2930,   0.001648,   0.005432,   0.289629
    2945,   0.000916,   0.004090,   0.269853
    2961,   0.001526,   0.007874,   0.255936
    2976,   0.000793,   0.006531,   0.254349
    2992,   0.001404,   0.006653,   0.264848
    3008,   0.001038,   0.008118,   0.291949
    3023,   0.001404,   0.005555,   0.295978
    3039,   0.001038,   0.006043,   0.274980
    3055,   0.001282,   0.009339,   0.264115
    3070,   0.001404,   0.009217,   0.271928
    3086,   0.000916,   0.008240,   0.272172
    3102,   0.001282,   0.005677,   0.269853
    3117,   0.001160,   0.005921,   0.272539
    3133,   0.001038,   0.007874,   0.278398
    3148,   0.001038,   0.004700,   0.288165
    3164,   0.001160,   0.007752,   0.281084
    3180,   0.000793,   0.007508,   0.272905
    3195,   0.000916,   0.009339,   0.277178
    3211,   0.001282,   0.008973,   0.271562
    3227,   0.001526,   0.004212,   0.277666
    3242,   0.001160,   0.009583,   0.281694
    3258,   0.001526,   0.004578,   0.261918
    3273,   0.001160,   0.007508,   0.237380
    3289,   0.000916,   0.007508,   0.253617
    3305,   0.001282,   0.004578,   0.254227
    3320,   0.001160,   0.007386,   0.261674
    3336,   0.001526,   0.003723,   0.269120
    3352,   0.001160,   0.005677,   0.280962
    3367,   0.001038,   0.006531,   0.273027
    3383,   0.001160,   0.003723,   0.276933
    3398,   0.001526,   0.007264,   0.274492
    3414,   0.001160,   0.006897,   0.279253
    3430,   0.001282,   0.003968,   0.280352
    3445,   0.001038,   0.004700,   0.292437
    3461,   0.001526,   0.007752,   0.298175
    3476,   0.001160,   0.006287,   0.267900
    3492,   0.001160,   0.007630,   0.236159
    3508,   0.001404,   0.009217,   0.230666
    3523,   0.001038,   0.008484,   0.246780
    3539,   0.001160,   0.005432,   0.286700
    3555,   0.001282,   0.007996,   0.254959
    3570,   0.001404,   0.007508,   0.221876
    3586,   0.001526,   0.003479,   0.232131
    3601,   0.001526,   0.006653,   0.236892
    3617,   0.001282,   0.006653,   0.251541
    3633,   0.001160,   0.006531,   0.278643
    3648,   0.001526,   0.006165,   0.293902
    3664,   0.001526,   0.008362,   0.296222
    3680,   0.001526,   0.008729,   0.286578
    3695,   0.001282,   0.008484,   0.278765
    3711,   0.000916,   0.007020,   0.286578
    3727,   0.001282,   0.006043,   0.279619
    3742,   0.001404,   0.009461,   0.275346
    3758,   0.001282,   0.005677,   0.269853
    3773,   0.001282,   0.006043,   0.258866
    3789,   0.001404,   0.004944,   0.268876
    3804,   0.001526,   0.007386,   0.258866
    3820,   0.001404,   0.011292,   0.255204
    3836,   0.001526,   0.005188,   0.254349
    3852,   0.001160,   0.006043,   0.282305
    3867,   0.001404,   0.005188,   0.248245
    3883,   0.001770,   0.005921,   0.216627
    3898,   0.022890,  -0.028627,   0.299396
    3914,   0.011170,   0.013612,   0.280718
    3930,   0.007264,   0.020448,   0.325887
    3945,   0.002503,   0.006287,   0.308063
    3961,   0.001404,   0.004578,   0.284502
    3976,   0.001282,   0.007996,   0.273271
    3992,   0.001282,   0.006165,   0.264359
    4008,   0.000916,   0.007020,   0.238967
    4023,   0.001282,   0.008729,   0.247024
    4039,   0.001404,   0.005799,   0.263749
    4055,   0.001160,   0.005921,   0.267900
    4070,   0.001648,   0.007508,   0.254837
    4086,   0.001404,   0.004334,   0.222609
    4101,   0.001404,   0.006897,   0.221632
    4117,   0.001160,   0.009461,   0.265336
    4132,   0.001160,   0.006409,   0.279253
    4148,   0.001160,   0.009705,   0.274980
    4164,   0.001404,   0.006775,   0.256058
    4180,   0.001404,   0.004700,   0.258378
    4195,   0.000916,   0.005921,   0.270585
    4211,   0.001526,   0.008240,   0.274004
    4226,   0.001648,   0.009705,   0.274248
    4242,   0.001526,   0.005066,   0.261430
    4258,   0.001160,   0.005432,   0.254593
    4273,   0.001038,   0.007264,   0.248245
    4289,   0.001282,   0.004700,   0.249710
    4304,   0.001404,   0.011292,   0.266068
    4320,   0.001160,   0.007264,   0.264726
    4336,   0.001526,   0.006165,   0.259598
    4351,   0.001282,   0.004944,   0.255570
    4367,   0.001282,   0.005921,   0.260087
    4383,   0.001038,   0.005921,   0.259965
    4398,   0.001404,   0.005799,   0.259354
    4414,   0.000793,   0.002991,   0.258622
    4429,   0.001404,   0.003845,   0.257645
    4445,   0.001282,   0.005677,   0.249466
    4461,   0.001404,   0.009217,   0.241287
    4476,   0.001404,   0.007752,   0.271318
    4492,   0.001404,   0.005432,   0.278643
    4508,   0.001526,   0.002869,   0.293048
    4523,   0.000916,   0.005799,   0.275835
    4539,   0.001526,   0.006531,   0.254105
    4554,   0.001160,   0.004578,   0.255082
    4570,   0.001160,   0.006165,   0.251785
    4585,   0.001160,   0.008484,   0.261552
    4601,   0.001404,   0.007508,   0.275835
    4617,   0.001282,   0.007752,   0.282061
    4632,   0.001282,   0.003235,   0.274126
    4648,   0.001038,   0.007142,   0.256424
    4664,   0.000916,   0.010438,   0.257523
    4679,   0.001038,   0.009827,   0.270830
    4695,   0.001282,   0.006165,   0.272294
    4710,   0.001526,   0.003723,   0.260209
    4726,   0.001282,   0.005188,   0.252640
    4742,   0.001404,   0.005555,   0.250565
    4757,   0.001038,   0.007996,   0.253861
    4773,   0.001404,   0.007020,   0.256302
    4789,   0.001282,   0.006165,   0.261796
    4804,   0.001160,   0.005188,   0.262650
    4820,   0.001160,   0.007996,   0.257401
    4836,   0.001282,   0.002747,   0.276079
    4851,   0.001282,   0.008606,   0.274126
    4867,   0.001404,   0.007386,   0.266313
    4882,   0.000916,   0.007386,   0.256180
    4898,   0.001160,   0.009461,   0.256180
    4914,   0.001282,   0.008118,   0.276201
    4929,   0.001404,   0.008118,   0.286456
    4945,   0.001648,   0.007508,   0.268144
    4960,   0.001404,   0.005432,   0.257767
    4976,   0.001404,   0.005066,   0.256302
    4992,   0.001404,   0.006165,   0.255326
    5007,   0.001404,   0.006775,   0.260819
    5023,   0.001038,   0.005310,   0.262162
    5038,   0.001526,   0.006287,   0.267655
    5054,   0.001404,   0.006287,   0.282427
    5070,   0.001404,   0.007020,   0.286822
    5086,   0.001282,   0.005799,   0.265824
    5101,   0.001160,   0.006287,   0.267289
    5117,   0.001404,   0.005310,   0.247024
    5132,   0.001282,   0.006653,   0.222975
    5148,   0.001404,   0.004700,   0.229445
    5163,   0.001282,   0.002747,   0.251907
    5179,   0.001526,   0.007752,   0.258988
    5195,   0.000793,   0.005432,   0.260575
    5211,   0.000916,   0.010926,   0.273637
    5226,   0.001404,   0.008729,   0.286578
    5242,   0.001282,   0.004822,   0.281939
    5257,   0.001282,   0.003113,   0.258500
    5273,   0.001038,   0.005921,   0.254715
    5288,   0.000916,   0.008362,   0.253739
    5304,   0.001282,   0.006165,   0.261307
    5320,   0.001282,   0.009705,   0.259232
    5336,   0.001038,   0.008851,   0.246780
    5351,   0.001526,   0.007142,   0.244827
    5367,   0.001404,   0.008362,   0.248367
    5382,   0.001282,   0.004456,   0.250076
    5398,   0.001282,   0.004822,   0.274492
    5413,   0.001160,   0.008240,   0.282305
    5429,   0.001404,   0.005188,   0.283281
    5445,   0.000793,   0.008240,   0.273515
    5460,   0.001526,   0.007752,   0.267655
    5476,   0.001160,   0.005066,   0.257157
    5492,   0.001526,   0.007264,   0.249954
    5507,   0.001160,   0.006409,   0.257645
    5523,   0.001404,   0.008729,   0.255204
    5538,   0.001404,   0.006043,   0.264726
    5554,   0.001526,   0.004822,   0.268632
    5570,   0.001038,   0.004212,   0.264237
    5585,   0.000916,   0.005799,   0.257889
    5601,   0.001038,   0.005432,   0.260087
    5616,   0.001160,   0.005432,   0.269120
    5632,   0.001526,   0.006287,   0.262162
    5648,   0.001160,   0.005432,   0.256791
    5664,   0.001160,   0.005555,   0.257035
    5679,   0.001648,   0.007508,   0.255204
    5695,   0.001526,   0.004578,   0.249954
    5710,   0.001404,   0.008606,   0.249588
    5726,  -0.001038,   0.028383,   0.261307
    5742,   0.000061,   0.004944,   0.272905
    5757,   0.000305,   0.004090,   0.274492
    5773,   0.001038,   0.007752,   0.262650
    5788,   0.001160,   0.003723,   0.268998
    5804,   0.001160,   0.006165,   0.265214
    5820,   0.001160,   0.008851,   0.253495
    5835,   0.001038,   0.007142,   0.254471
    5851,   0.000671,   0.007020,   0.237258
    5867,   0.001160,   0.006409,   0.245559
    5882,   0.001282,   0.002747,   0.255570
    5898,   0.001160,   0.005799,   0.266557
    5913,   0.001404,   0.006531,   0.272539
    5929,   0.001282,   0.006897,   0.272416
    5945,   0.001282,   0.005066,   0.264359
    5960,   0.001404,   0.008729,   0.252762
    5976,   0.001526,   0.007630,   0.241653
    5992,   0.001648,   0.005555,   0.247513
    6007,   0.001160,   0.008362,   0.266068
    6023,   0.001404,   0.009583,   0.276567
    6038,   0.001282,   0.007142,   0.276079
    6054,   0.001404,   0.006287,   0.254593
    6070,   0.001038,   0.007752,   0.248489
    6085,   0.001404,   0.004822,   0.255570
    6101,   0.001038,   0.005555,   0.259720
    6116,   0.001282,   0.001648,   0.264115
    6132,   0.001282,   0.006775,   0.261430
    6148,   0.001282,   0.004456,   0.237502
    6163,   0.001282,   0.005188,   0.235915
    6179,   0.001160,   0.003235,   0.261430
    6194,   0.000916,   0.007142,   0.266923
    6210,   0.001160,   0.005921,   0.253006
    6226,   0.001404,   0.006775,   0.249100
    6242,   0.000916,   0.010316,   0.243362
    6257,   0.001282,   0.006775,   0.245926
    6273,   0.001160,   0.005921,   0.250565
    6288,   0.001404,   0.002625,   0.260453
    6304,   0.001404,   0.001282,   0.258744
    6320,   0.001404,   0.007630,   0.261918
    6335,   0.001160,   0.005188,   0.260941
    6351,   0.001404,   0.006287,   0.257035
    6367,   0.001282,   0.007630,   0.261307
    6382,   0.001648,   0.008240,   0.261185
    6398,   0.001526,   0.007752,   0.267045
    6413,   0.001282,   0.005310,   0.258500
    6429,   0.001404,   0.007264,   0.262895
    6444,   0.001038,   0.004822,   0.255570
    6460,   0.001648,   0.007874,   0.255326
    6476,   0.000793,   0.006165,   0.248245
    6491,   0.000916,   0.007874,   0.259965
    6507,   0.001770,   0.006165,   0.256546
    6523,   0.001404,   0.007264,   0.257767
    6538,   0.001038,   0.002136,   0.260819
    6554,   0.000916,   0.009705,   0.256424
    6570,   0.001526,   0.001892,   0.263383
    6585,   0.001282,   0.008118,   0.255814
    6601,   0.001160,   0.004944,   0.253861
    6616,   0.001160,   0.005921,   0.257523
    6632,   0.001526,   0.006043,   0.254105
    6648,   0.001282,   0.008240,   0.248978
    6663,   0.001404,   0.005310,   0.248123
    6679,   0.001404,   0.007020,   0.249100
    6695,   0.001526,   0.002258,   0.262040
    6710,   0.001404,   0.006165,   0.250198
    6726,   0.001160,   0.002991,   0.245071
    6741,   0.001160,   0.001648,   0.251785
    6757,   0.001160,   0.003968,   0.254593
    6772,   0.001160,   0.010438,   0.251419
    6788,   0.001160,   0.006043,   0.245437
    6804,   0.001526,   0.005066,   0.250931
    6820,   0.001160,   0.004334,   0.250809
    6835,   0.001038,   0.004578,   0.242996
    6851,   0.001160,   0.005555,   0.246414
    6866,   0.000916,   0.006897,   0.245315
    6882,   0.001160,   0.002869,   0.276323
    6897,   0.001404,   0.007386,   0.269487
    6913,   0.001282,   0.007142,   0.269853
    6929,   0.001038,   0.010071,   0.269975
    6944,   0.001038,   0.009095,   0.264603
    6960,   0.001038,   0.007752,   0.255692
    6976,   0.001282,   0.007752,   0.231398
    6991,   0.000916,   0.006165,   0.241409
    7007,   0.001404,   0.011414,   0.250320
    7023,   0.001404,   0.005310,   0.245559
    7038,   0.001038,   0.004944,   0.238357
    7054,   0.001404,   0.006409,   0.253250
    7069,   0.001526,   0.006775,   0.273271
    7085,   0.001526,   0.009461,   0.256424
    7101,   0.001404,   0.004212,   0.249710
    7116,   0.001282,   0.007630,   0.259110
    7132,   0.000793,   0.006775,   0.269609
    7148,   0.001526,   0.007264,   0.260941
    7163,   0.001038,   0.007874,   0.255204
    7179,   0.001282,   0.007508,   0.240066
    7194,   0.001404,   0.005066,   0.241775
    7210,   0.001282,   0.003479,   0.261918
    7226,   0.001282,  -0.001404,   0.268022
    7241,   0.001160,   0.003601,   0.273393
    7257,   0.001404,   0.006653,   0.274980
    7272,   0.001526,   0.012147,   0.255326
    7288,   0.001282,   0.005555,   0.263261
    7304,   0.001282,   0.007996,   0.267411
    7319,   0.001404,   0.008118,   0.258500
    7335,   0.001526,   0.005921,   0.258011
    7351,   0.001282,   0.005799,   0.260331
    7366,   0.001160,   0.004822,   0.263627
    7382,   0.001892,   0.000305,   0.266557
    7397,   0.001038,   0.006287,   0.254227
    7413,   0.001282,   0.004456,   0.259476
    7429,   0.001160,   0.007264,   0.261063
    7444,   0.001160,   0.008729,   0.255326
    7460,   0.001160,   0.006775,   0.253739
    7476,   0.001160,   0.008973,   0.254837
    7491,   0.001526,   0.009705,   0.257157
    7507,   0.001404,   0.006653,   0.257035
    7522,   0.000793,   0.005555,   0.254837
    7538,   0.001526,   0.004090,   0.245193
    7554,   0.001648,   0.007264,   0.241409
    7569,   0.001038,   0.004944,   0.247146
    7585,   0.000916,   0.004700,   0.246414
    7600,   0.000793,   0.007508,   0.246780
    7616,   0.001526,   0.008606,   0.249100
    7632,   0.001160,   0.005066,   0.256180
    7647,   0.001526,   0.004700,   0.258133
    7663,   0.000671,   0.005555,   0.251541
    7678,   0.001404,   0.005921,   0.242630
    7694,   0.001282,   0.007386,   0.261674
    7710,   0.001282,   0.007508,   0.253983
    7725,   0.000793,   0.004700,   0.242141
    7741,   0.001648,   0.007630,   0.237746
    7757,   0.001160,   0.002380,   0.246658
    7772,   0.001038,   0.005555,   0.257157
    7788,   0.001404,   0.005799,   0.262528
    7803,   0.001648,   0.002014,   0.256424
    7819,   0.001404,   0.004090,   0.254227
    7835,   0.001160,   0.006653,   0.251785
    7851,   0.001526,   0.007142,   0.247757
    7866,   0.001526,   0.008484,   0.246048
    7882,   0.001282,   0.008118,   0.248733
    7897,   0.001282,   0.008118,   0.252762
    7913,   0.001282,   0.005432,   0.266679
    7928,   0.001160,   0.005921,   0.258866
    7944,   0.001160,   0.003601,   0.257767
    7960,   0.000916,   0.003601,   0.250565
    7975,   0.001404,   0.008362,   0.242141
    7991,   0.001526,   0.004822,   0.247024
    8007,   0.001404,   0.007508,   0.251053
    8022,   0.001160,   0.009095,   0.253861
    8038,   0.001526,   0.009217,   0.251541
    8054,   0.000793,   0.005188,   0.253128
    8069,   0.001526,   0.004822,   0.258622
    8085,   0.001404,   0.006897,   0.262895
    8100,   0.001160,   0.006775,   0.258744
    8116,   0.001282,   0.007264,   0.263627
    8132,   0.000916,   0.005432,   0.255326
    8147,   0.001160,   0.006287,   0.249832
    8163,   0.001526,   0.007996,   0.242752
    8178,   0.000916,   0.008240,   0.246902
    8194,   0.001526,   0.005677,   0.255204
    8210,   0.001404,   0.005432,   0.238723
    8225,   0.001526,   0.008606,   0.233596
    8241,   0.001770,   0.005432,   0.232863
    8256,   0.001526,   0.007996,   0.219557
    8272,   0.000916,   0.007020,   0.227370
    8288,   0.001160,   0.004334,   0.242141
    8303,   0.001038,   0.007508,   0.257279
    8319,   0.001160,   0.005432,   0.256058
    8335,   0.001648,   0.004944,   0.259598
    8350,   0.001404,   0.006165,   0.261552
    8366,   0.000549,   0.006043,   0.244583
    8382,   0.001404,   0.004700,   0.257645
    8397,   0.001282,   0.006653,   0.246292
    8413,   0.001160,   0.006287,   0.229079
    8428,   0.000916,   0.003357,   0.225417
    8444,   0.001160,   0.005677,   0.243728
    8460,   0.001648,   0.009583,   0.302692
    8475,  -0.006897,   0.042666,   0.338216
    8491,  -0.002625,   0.002258,   0.240432
    8507,   0.002869,   0.007752,   0.255326
    8522,  -0.000305,   0.010682,   0.240554
    8538,  -0.002136,  -0.000916,   0.206128
    8553,  -0.004090,  -0.001892,   0.219313
    8569,  -0.003601,   0.003235,   0.216871
    8585,  -0.002747,   0.008118,   0.231032
    8600,  -0.000549,   0.005921,   0.258133
    8616,   0.000427,   0.008484,   0.266801
    8632,  -0.000427,   0.004944,   0.275835
    8647,  -0.001770,   0.006409,   0.252396
    8663,  -0.000427,   0.006409,   0.236282
    8678,   0.000793,   0.007508,   0.249100
    8694,   0.001282,   0.002136,   0.264237
    8710,   0.001160,   0.007874,   0.248733
    8725,   0.001282,   0.007020,   0.231643
    8741,   0.001404,   0.007630,   0.235671
    8756,   0.001526,   0.004334,   0.245315
    8772,   0.001404,   0.004090,   0.247757
    8788,   0.001282,   0.004822,   0.238479
    8803,   0.000671,   0.008240,   0.241042
    8819,   0.001038,   0.000183,   0.241287
    8834,  -0.000305,   0.029238,   0.187572
    8850,   0.001038,   0.007508,   0.217359
    8866,   0.001526,   0.006165,   0.257035
    8882,   0.000916,   0.005555,   0.263993
    8897,   0.001160,   0.006409,   0.262528
    8913,   0.001404,   0.014955,   0.249222
    8928,  -0.000061,   0.010438,   0.266923
    8944,  -0.004700,   0.007142,   0.257889
    8960,  -0.001160,   0.001648,   0.264359
    8975,   0.001404,   0.004578,   0.255082
    8991,   0.001282,   0.009705,   0.260331
    9006,   0.001404,   0.011414,   0.259232
    9022,  -0.000305,   0.013123,   0.268388
    9038,  -0.012513,   0.010316,   0.244949
    9053,  -0.005310,   0.004944,   0.246658
    9069,   0.000916,   0.005066,   0.293780
    9084,   0.001282,   0.009339,   0.279375
    9100,   0.001526,   0.005799,   0.261552
    9116,   0.001404,   0.009705,   0.253006
    9131,   0.001404,   0.005188,   0.256913
    9147,   0.001526,   0.005188,   0.256668
    9163,   0.001526,   0.006165,   0.259110
    9178,   0.006653,   0.001282,   0.306842
    9194,   0.006287,   0.009461,   0.301227
    9209,   0.004578,   0.009583,   0.260087
    9225,   0.005921,   0.008240,   0.256058
    9241,   0.010071,   0.000183,   0.267900
    9256,   0.009095,   0.009827,   0.253617
    9272,   0.002380,   0.004090,   0.211744
    9288,   0.001038,   0.010316,   0.258744
    9303,   0.001282,   0.006409,   0.280474
    9319,   0.001160,   0.007752,   0.267778
    9334,   0.001038,   0.007752,   0.253739
    9350,   0.001404,   0.005188,   0.258255
    9366,   0.001160,   0.007752,   0.256546
    9381,   0.001892,   0.007508,   0.267778
    9397,   0.001648,   0.008362,   0.244583
    9412,   0.001526,   0.007142,   0.223708
    9428,   0.001282,   0.008362,   0.232619
    9444,   0.001770,   0.005432,   0.253372
    9460,   0.002747,   0.007996,   0.276323
    9475,   0.003235,   0.005188,   0.289629
    9491,   0.004334,   0.007264,   0.287798
    9506,   0.004334,   0.007020,   0.284258
    9522,   0.004578,   0.003357,   0.281939
    9538,   0.004212,   0.005921,   0.258011
    9553,   0.003601,   0.002869,   0.252762
    9569,   0.002136,   0.001770,   0.230666
    9584,   0.001404,   0.007630,   0.232619
    9600,   0.001526,   0.006287,   0.273759
    9616,   0.001770,   0.005066,   0.263383
    9631,   0.001282,   0.010193,   0.257157
    9647,   0.001282,   0.011414,   0.267900
    9663,   0.002991,   0.000916,   0.264603
    9678,   0.004700,   0.004456,   0.247391
    9694,   0.002625,   0.009705,   0.242630
    9709,   0.001892,   0.002747,   0.253006
    9725,   0.001648,   0.004700,   0.256302
    9740,   0.001160,   0.007142,   0.256668
    9756,   0.000793,   0.010071,   0.257035
    9772,   0.001404,   0.012635,   0.256424
    9787,   0.001282,   0.010193,   0.248978
    9803,   0.001282,   0.004578,   0.255082
    9819,   0.001160,   0.007386,   0.275224
    9834,   0.001404,   0.005188,   0.268876
    9850,   0.001526,   0.008362,   0.263017
    9866,   0.001282,   0.008240,   0.257767
    9881,   0.001282,   0.005188,   0.253739
    9897,   0.001526,   0.006775,   0.257279
    9912,   0.001282,   0.007874,   0.265946
    9928,   0.001282,   0.002869,   0.262040
    9944,   0.001282,   0.001892,   0.261430
    9959,   0.001160,   0.007020,   0.248855
    9975,   0.001282,   0.008729,   0.232741
    9991,   0.001282,   0.006165,   0.253983
   10006,   0.001526,   0.006531,   0.269120
   10022,   0.001404,   0.007508,   0.271562
   10037,   0.000916,   0.008973,   0.261796
   10053,   0.001282,   0.009217,   0.270707
   10069,   0.001404,   0.007508,   0.259232
   10084,   0.000427,   0.034853,   0.236526
   10100,   0.001892,   0.013001,   0.246780
   10116,   0.004822,   0.008118,   0.265214
   10131,   0.003357,   0.019349,   0.274492
   10147,   0.003235,   0.030458,   0.274492
   10162,   0.001892,  -0.011414,   0.234450
   10178,   0.002258,   0.011170,   0.231765
   10194,   0.001892,   0.011658,   0.221632
   10209,   0.001526,   0.009949,   0.236159
   10225,   0.001282,   0.004090,   0.250320
   10240,   0.000671,   0.004090,   0.269243
   10256,   0.001404,   0.007508,   0.264848
   10272,   0.001160,   0.005799,   0.242874
   10287,   0.001160,   0.005677,   0.253739
   10303,   0.001160,   0.003723,   0.260697
   10318,   0.001282,   0.005432,   0.257889
   10334,   0.001526,   0.007752,   0.245682
   10350,   0.001770,   0.007020,   0.238113
   10366,   0.001282,   0.006531,   0.216749
   10381,   0.001648,   0.004944,   0.203443
   10397,   0.001160,   0.003968,   0.209302
   10412,   0.001160,   0.005188,   0.236770
   10428,   0.001160,   0.004334,   0.278032
   10443,   0.001038,   0.007996,   0.276567
   10459,   0.001648,   0.005799,   0.305988
   10475,   0.001648,   0.007264,   0.312214
   10490,   0.001648,   0.007020,   0.296710
   10506,   0.002258,   0.010560,   0.258744
   10522,   0.006897,  -0.062321,   0.178050
   10537,   0.004090,  -0.003235,   0.336751
   10553,   0.003113,  -0.006531,   0.346518
   10568,   0.002136,  -0.004578,   0.307575
   10584,   0.001648,   0.007020,   0.233718
   10600,   0.002625,  -0.002136,   0.218336
   10615,   0.003601,   0.005432,   0.232253
   10631,   0.003357,  -0.002991,   0.243240
   10647,   0.002747,   0.004822,   0.238113
   10662,   0.001404,  -0.002380,   0.271562
   10678,   0.001282,  -0.001526,   0.303668
   10694,   0.001526,   0.005066,   0.292315
   10709,   0.000916,   0.007264,   0.267655
   10725,   0.001160,   0.009461,   0.254959
   10740,   0.001038,   0.007386,   0.247513
   10756,   0.001282,   0.006653,   0.257157
   10772,   0.001282,   0.004456,   0.264848
   10787,   0.001282,   0.004090,   0.266068
   10803,   0.001160,   0.006287,   0.264726
   10818,   0.000793,   0.014588,   0.273271
   10834,  -0.001648,   0.038760,   0.274980
   10850,  -0.010316,   0.007996,   0.242507
   10865,  -0.011292,   0.014832,   0.223219
   10881,   0.001038,   0.009461,   0.130928
   10896,  -0.021669,   0.075871,   0.286089
   10912,  -0.029360,  -0.029604,   0.384606
   10928,  -0.028139,  -0.033877,   0.407190
   10943,  -0.026674,  -0.051090,   0.411585
   10959,  -0.020082,  -0.124825,   0.310871
   10975,   0.007142,  -0.155954,   0.192211
   10990,   0.047305,  -0.081243,   0.178661
   11006,   0.056217,   0.025331,   0.203443
   11022,   0.070256,  -0.019227,   0.367881
   11037,   0.073186,   0.029360,   0.456510
   11053,   0.052554,   0.065251,   0.520845
   11068,   0.026430,   0.047549,   0.503998
   11084,   0.000549,   0.044619,   0.541232
   11100,  -0.007630,   0.005555,   0.585668
   11115,  -0.000671,  -0.060001,   0.648294
   11131,   0.013856,  -0.083440,   0.750351
   11147,   0.014100,  -0.077214,   0.772081
   11162,   0.019471,  -0.165110,   0.926998
   11178,   0.032045,  -0.088445,   0.973631
   11193,   0.034243,  -0.015931,   0.940914
   11209,   0.057438,   0.022157,   0.836660
   11225,   0.078679,   0.094061,   0.806629
   11240,   0.046206,  -0.094915,   0.967283
   11256,   0.034121,  -0.024477,   0.958005
   11272,   0.017640,   0.044375,   0.868156
   11287,   0.009583,   0.048282,   0.731795
   11303,  -0.002747,   0.033632,   0.463224
   11318,   0.038393,  -0.008484,   0.544528
   11334,   0.070744,  -0.085149,   0.730330
   11350,   0.079290,   0.014466,   0.993286
   11365,   0.074040,   0.091375,   1.054569
   11381,   0.073552,   0.219801,   1.033327
   11396,   0.066715,   0.181835,   0.962156
   11412,   0.065739,   0.111518,   0.900629
   11428,   0.067326,   0.103705,   0.891229
   11443,   0.080266,   0.089788,   0.861442
   11459,   0.106757,  -0.012635,   0.434902
   11475,   0.069767,   0.139718,   0.990356
   11490,   0.055973,   0.014344,   0.678691
   11506,   0.056095,  -0.050479,   0.744247
   11521,   0.052432,   0.017518,   0.634011
   11537,   0.053043,   0.069890,   0.517427
   11553,  -0.021791,   0.187572,   0.942623
   11568,  -0.084295,   0.387658,   0.562595
   11584,  -0.058048,   0.146798,   0.257889
   11600,   0.043887,  -0.128243,   0.107245
   11615,   0.059025,   0.107245,   0.137521
   11631,   0.034121,   0.089910,   0.252884
   11646,   0.031435,   0.178050,   0.479216
   11662,   0.018495,   0.182445,   0.375694
   11678,   0.023012,   0.169627,   0.218092
   11693,   0.040591,   0.104437,  -0.085149
   11709,   0.043643,   0.086492,   0.005921
   11724,   0.026308,   0.048038,   0.093695
   11740,   0.016908,   0.029238,  -0.026430
   11756,  -0.015687,   0.098944,  -0.139474
   11771,  -0.053653,   0.094916,  -0.143380
   11787,  -0.075871,   0.046206,  -0.035464
   11803,  -0.077336,   0.020326,  -0.137521
   11818,  -0.056461,   0.019838,  -0.161326
   11834,  -0.036440,   0.049502,  -0.134591
   11849,  -0.013978,   0.132149,  -0.143258
   11865,  -0.013001,   0.157053,  -0.200024
   11881,  -0.013490,   0.087957,  -0.221022
   11896,  -0.011170,   0.016786,  -0.174876
   11912,  -0.008606,  -0.000183,  -0.110786
   11928,  -0.013001,  -0.008118,  -0.081731
   11943,  -0.033266,  -0.018006,  -0.081121
   11959,  -0.046939,  -0.046084,  -0.110297
   11975,  -0.047549,  -0.038638,  -0.182934
   11990,  -0.037295,   0.018251,  -0.219679
   12006,   0.000427,   0.075017,  -0.241531
   12021,   0.022401,   0.028505,  -0.240432
   12037,   0.036929,   0.004822,  -0.192089
   12052,   0.031069,   0.014344,  -0.167185
   12068,   0.030214,   0.015931,  -0.164622
   12084,   0.022645,   0.023378,  -0.149850
   12099,   0.013734,   0.017518,  -0.124458
   12115,   0.009583,  -0.026064,  -0.160593
   12131,   0.016297,  -0.066349,  -0.168895
   12146,   0.014344,  -0.042178,  -0.166087
   12162,   0.002503,  -0.009949,  -0.158884
   12178,   0.006287,  -0.019593,  -0.178050
   12193,   0.025331,  -0.023988,  -0.117988
   12209,   0.023012,   0.008729,  -0.053531
   12224,   0.007630,   0.047793,  -0.123726
   12240,   0.000549,   0.042788,  -0.168284
   12256,  -0.000794,   0.014222,  -0.160715
   12271,  -0.005799,  -0.029604,  -0.122505
   12287,  -0.008851,  -0.030580,  -0.127022
   12303,  -0.008240,  -0.032534,  -0.122993
   12318,  -0.004822,  -0.028871,  -0.099676
   12334,   0.003479,  -0.013612,  -0.124214
   12349,   0.010804,   0.010804,  -0.147897
   12365,   0.013490,   0.033632,  -0.183788
   12380,   0.017640,   0.034731,  -0.143380
   12396,   0.020692,   0.015687,  -0.136422
   12412,   0.019593,  -0.002625,  -0.123115
   12428,   0.008973,   0.019105,  -0.126534
   12443,  -0.000671,   0.017274,  -0.162424
   12459,   0.000549,  -0.016664,  -0.181713
   12474,   0.009095,  -0.050235,  -0.137643
   12490,   0.020936,  -0.051944,  -0.137032
   12506,   0.016053,  -0.048038,  -0.112495
   12521,   0.009095,  -0.016664,  -0.145944
   12537,   0.012269,   0.000305,  -0.164500
   12552,   0.018617,   0.011536,  -0.146921
   12568,   0.022523,  -0.028383,  -0.106147
   12584,   0.026430,  -0.027651,  -0.085515
   12599,   0.026674,  -0.005555,  -0.118965
   12615,   0.018739,   0.022523,  -0.133980
   12631,   0.011658,   0.017152,  -0.163157
   12646,   0.012635,   0.009583,  -0.178661
   12662,   0.013245,  -0.018739,  -0.128609
   12677,   0.008729,  -0.050967,  -0.126534
   12693,   0.007996,  -0.051822,  -0.126656
   12709,   0.007264,  -0.054508,  -0.127876
   12724,   0.003357,  -0.047549,  -0.112983
   12740,  -0.001404,  -0.036806,  -0.039736
   12756,  -0.002503,  -0.062565,  -0.070500
   12771,  -0.000671,  -0.057926,  -0.109321
   12787,   0.002625,  -0.035464,  -0.140939
   12802,   0.004822,  -0.033877,  -0.088323
   12818,   0.004944,  -0.027651,  -0.092474
   12834,   0.006897,  -0.025697,  -0.112739
   12849,   0.007020,  -0.024843,  -0.117744
   12865,   0.004090,  -0.029604,  -0.121773
   12880,   0.004334,  -0.033144,  -0.113105
   12896,   0.007264,  -0.039004,  -0.095770
   12912,   0.006897,  -0.036929,  -0.091009
   12927,   0.004212,  -0.002747,  -0.098212
   12943,  -0.002014,  -0.004944,  -0.107734
   12958,  -0.010560,  -0.019349,  -0.105414
   12974,  -0.010438,  -0.047916,  -0.104926
   12990,  -0.006531,  -0.065861,  -0.093084
   13006,  -0.002625,  -0.047793,  -0.097357
   13021,  -0.001648,  -0.015199,  -0.103827
   13037,  -0.004456,   0.001404,  -0.111762
   13052,  -0.005310,  -0.009339,  -0.122749
   13068,  -0.005066,  -0.020082,  -0.137276
   13083,  -0.004944,  -0.027040,  -0.133736
   13099,   0.000183,  -0.049380,  -0.114326
   13115,   0.004456,  -0.041812,  -0.092962
   13130,   0.001770,  -0.028139,  -0.083196
   13146,  -0.001160,  -0.015199,  -0.099310
   13162,   0.000793,  -0.007019,  -0.117744
   13177,   0.005799,  -0.026552,  -0.103339
   13193,   0.007020,  -0.043154,  -0.104804
   13208,   0.009339,  -0.037661,  -0.091375
   13224,   0.007386,  -0.017274,  -0.086004
   13240,   0.003113,  -0.003479,  -0.098700
   13255,   0.004578,  -0.004456,  -0.099554
   13271,   0.009461,  -0.024355,  -0.101141
   13287,   0.010193,  -0.026918,  -0.084173
   13302,   0.008973,  -0.025697,  -0.081487
   13318,   0.005555,  -0.013612,  -0.090643
   13333,   0.004456,  -0.002380,  -0.091497
   13349,   0.003601,  -0.000916,  -0.084905
   13365,   0.001770,  -0.002380,  -0.080144
   13380,  -0.002991,  -0.005066,  -0.058292
   13396,  -0.001770,  -0.041445,  -0.091375
   13412,   0.003845,  -0.031679,  -0.043643
   13427,   0.007142,  -0.025575,  -0.028017
   13443,   0.008973,   0.009583,  -0.096136
   13458,   0.007996,  -0.009339,  -0.074773
   13474,   0.006409,  -0.019960,  -0.065861
   13490,   0.004578,  -0.034975,  -0.061222
   13505,   0.005555,  -0.033144,  -0.085149
   13521,   0.004456,  -0.030458,  -0.100897
   13536,   0.001404,  -0.001770,   0.001648
   13552,  -0.001648,  -0.003968,  -0.025575
   13568,  -0.005310,   0.001526,  -0.048648
   13583,  -0.003235,  -0.011414,  -0.061954
   13599,  -0.000794,  -0.010193,  -0.056949
   13615,   0.001892,  -0.005310,  -0.055362
   13630,   0.002869,  -0.001770,  -0.059513
   13646,   0.002625,  -0.002747,  -0.035464
   13662,  -0.000549,  -0.013368,  -0.047061
   13677,  -0.001160,  -0.018373,  -0.040347
   13693,  -0.000061,  -0.020082,  -0.055362
   13708,  -0.000183,  -0.016175,  -0.054019
   13724,   0.001648,  -0.003113,  -0.047793
   13740,   0.001404,   0.008118,  -0.044497
   13755,   0.000549,  -0.012269,  -0.042910
   13771,   0.000427,  -0.007019,  -0.038516
   13787,   0.003845,  -0.023012,  -0.035586
   13802,   0.005921,  -0.010926,  -0.040957
   13818,   0.002625,   0.007752,  -0.043765
   13833,   0.000061,   0.009217,  -0.049380
   13849,   0.001160,  -0.001282,  -0.037295
   13864,   0.002747,  -0.007386,  -0.037905
   13880,   0.006531,  -0.011903,  -0.040469
   13896,   0.006165,  -0.021913,  -0.036440
   13912,   0.004578,  -0.010682,  -0.035464
   13927,   0.002258,   0.001404,  -0.034731
   13943,  -0.000061,   0.004212,  -0.039736
   13958,   0.001526,  -0.024232,  -0.038027
   13974,   0.003357,  -0.029848,  -0.027529
   13989,   0.003601,  -0.030580,  -0.024599
   14005,   0.003845,  -0.026674,  -0.019960
   14021,   0.001038,  -0.018373,  -0.018861
   14036,  -0.000671,  -0.001770,  -0.041323
   14052,   0.000427,   0.006897,  -0.039614
   14068,   0.002869,  -0.012269,  -0.025209
   14083,   0.003968,  -0.017762,  -0.016542
   14099,   0.008729,   0.013978,  -0.047183
   14115,   0.006043,  -0.003723,  -0.014710
   14130,  -0.000916,  -0.017640,  -0.006409
   14146,  -0.009095,  -0.016542,  -0.013123
   14161,  -0.007508,  -0.007874,  -0.041934
   14177,  -0.004578,   0.004334,  -0.045962
   14193,  -0.010804,  -0.001160,  -0.009949
   14208,  -0.010682,  -0.038760,  -0.035219
   14224,  -0.000305,  -0.054996,  -0.039614
   14240,   0.008362,  -0.027773,  -0.056705
   14255,   0.010560,  -0.017762,  -0.054752
   14271,   0.015809,   0.003479,  -0.044131
   14286,   0.015077,   0.009583,  -0.039126
   14302,   0.012147,   0.000183,  -0.026308
   14318,   0.007752,  -0.011170,  -0.023012
   14333,   0.004700,  -0.031435,  -0.026430
   14349,   0.000183,  -0.008118,  -0.049869
   14364,  -0.004700,   0.006043,  -0.027773
   14380,  -0.007264,  -0.009217,  -0.022279
   14396,  -0.008484,  -0.028383,  -0.007264
   14411,  -0.006043,  -0.029116,  -0.008118
   14427,  -0.004090,  -0.021181,  -0.001282
   14443,  -0.001282,  -0.023134,   0.077580
   14458,   0.001160,  -0.008240,   0.009583
   14474,  -0.000794,  -0.028139,  -0.029970
   14490,  -0.000183,  -0.027040,  -0.034853
   14505,   0.003845,  -0.022645,   0.015199
   14521,   0.005310,  -0.010438,   0.016664
   14536,   0.002625,  -0.003357,   0.009949
   14552,  -0.000916,  -0.007386,  -0.011536
   14568,  -0.002869,  -0.019105,  -0.018006
   14583,  -0.002503,  -0.035952,   0.038760
   14599,   0.000427,  -0.027529,   0.013368
   14615,   0.000061,  -0.022279,   0.012513
   14630,   0.000061,  -0.020326,   0.014832
   14646,  -0.000061,  -0.019105,   0.015321
   14661,   0.000305,  -0.006043,   0.024843
   14677,   0.001648,  -0.003601,   0.007020
   14692,   0.000793,  -0.008240,   0.031191
   14708,   0.000061,  -0.015931,   0.017152
   14724,   0.001648,  -0.027162,   0.021669
   14739,   0.008362,  -0.017152,   0.021791
   14755,   0.006409,  -0.016297,   0.036562
   14771,   0.004578,  -0.032778,   0.018861
   14786,   0.004334,  -0.030703,   0.030825
   14802,   0.007264,  -0.010804,   0.030092
   14818,   0.005555,  -0.008851,   0.022157
   14833,  -0.001526,  -0.005799,   0.029726
   14849,  -0.006531,  -0.019227,   0.008118
   14864,  -0.007142,  -0.026796,  -0.018739
   14880,   0.000671,  -0.022523,  -0.000061
   14896,   0.005066,  -0.008851,   0.031191
   14911,   0.000916,  -0.009827,   0.014832
   14927,  -0.003723,   0.002503,  -0.000305
   14943,  -0.010193,  -0.002136,   0.006165
   14958,  -0.004700,  -0.013368,   0.007874
   14974,   0.008118,  -0.025697,   0.005432
   14989,   0.020082,  -0.033022,  -0.007386
   15005,   0.029238,  -0.011903,  -0.003723
   15020,   0.035342,   0.009339,   0.006531
   15036,   0.029482,   0.009339,   0.072087
   15052,   0.024354,   0.012025,   0.072087
   15067,   0.013734,   0.013123,   0.037905
   15083,   0.008362,  -0.008362,   0.012147
   15099,   0.008729,  -0.030336,   0.006287
   15114,   0.009461,  -0.038271,   0.035342
   15130,   0.002747,  -0.018251,   0.041323
   15146,   0.002258,   0.013856,   0.046573
   15161,  -0.000549,   0.010926,   0.034487
   15177,  -0.003479,  -0.049625,   0.036196
   15192,  -0.016664,  -0.054874,   0.103339
   15208,  -0.017152,   0.023988,  -0.037661
   15224,  -0.009705,   0.007020,   0.007264
   15239,  -0.003113,  -0.037173,   0.077825
   15255,   0.000549,  -0.034609,   0.082586
   15271,   0.001282,  -0.034609,   0.077947
   15286,   0.006165,  -0.011536,   0.054019
   15302,   0.006775,  -0.005066,   0.014832
   15317,   0.000793,   0.011170,   0.083562
   15333,  -0.006043,   0.031313,   0.038393
   15348,  -0.007019,   0.011903,   0.021303
   15364,   0.000305,  -0.022035,   0.043643
   15380,  -0.004456,  -0.008118,   0.052310
   15396,  -0.008851,  -0.010193,   0.061832
   15411,  -0.007142,  -0.014100,   0.024232
   15427,  -0.004944,  -0.007142,   0.043277
   15442,  -0.006165,   0.004944,   0.049380
   15458,  -0.007752,   0.015565,   0.064762
   15473,  -0.008362,   0.010193,   0.025087
   15489,  -0.005188,  -0.018129,   0.048160
   15505,  -0.004700,  -0.024110,   0.058903
   15520,  -0.006531,  -0.025819,   0.040225
   15536,  -0.006409,  -0.002258,   0.013245
   15552,  -0.003235,  -0.004456,   0.016786
   15567,  -0.001648,   0.001282,   0.046939
   15583,  -0.003845,  -0.017152,   0.051456
   15598,  -0.004334,  -0.015687,   0.039004
   15614,  -0.003113,  -0.007142,   0.028261
   15630,   0.001648,  -0.003479,   0.021425
   15645,   0.005921,  -0.006409,   0.027529
   15661,   0.006653,  -0.012879,   0.039736
   15677,   0.006409,  -0.015687,   0.047305
   15692,   0.005188,  -0.006165,   0.034731
   15708,   0.004700,  -0.005555,   0.030214
   15723,   0.004700,  -0.006775,   0.032045
   15739,   0.007386,  -0.012879,   0.028261
   15755,   0.008973,  -0.014710,   0.047793
   15770,   0.009217,  -0.008973,   0.036562
   15786,   0.007996,  -0.002258,   0.044497
   15802,   0.002869,   0.004822,   0.062443
   15817,   0.000305,  -0.002136,   0.047793
   15833,   0.000061,  -0.000916,   0.043887
   15848,  -0.000427,  -0.004090,   0.041079
   15864,   0.000549,  -0.009583,   0.040347
   15880,   0.000061,  -0.002991,   0.056827
   15895,  -0.002014,  -0.006897,   0.046451
   15911,  -0.001770,  -0.005310,   0.043032
   15927,  -0.001404,  -0.006043,   0.038516
   15942,   0.000305,  -0.006775,   0.033510
   15958,   0.002258,  -0.007996,   0.044986
   15973,   0.001892,  -0.011781,   0.043643
   15989,   0.001038,  -0.009095,   0.044864
   16005,   0.001404,  -0.007142,   0.041934
   16020,  -0.000671,  -0.012757,   0.054264
   16036,   0.000793,  -0.005432,   0.052432
   16052,   0.001648,  -0.012147,   0.048282
   16067,   0.002869,  -0.008362,   0.040103
   16083,   0.002625,   0.004212,   0.047793
   16098,   0.000427,   0.005432,   0.049380
   16114,  -0.000061,  -0.004700,   0.051334
   16130,   0.001648,  -0.013734,   0.059269
   16145,   0.003235,  -0.017274,   0.054019
   16161,   0.000671,   0.009705,   0.041201
   16176,  -0.003968,   0.006287,   0.042544
   16192,  -0.003845,   0.001770,   0.047916
   16208,  -0.001160,  -0.007630,   0.035830
   16223,  -0.000794,  -0.002991,   0.050967
   16239,  -0.000671,  -0.012879,   0.055973
   16255,  -0.003235,  -0.032778,   0.084417
   16270,  -0.006531,  -0.016175,   0.017152
   16286,  -0.000671,   0.015931,   0.046939
   16302,   0.001038,   0.006531,   0.040835
   16317,   0.005066,  -0.005677,   0.048282
   16333,   0.004212,  -0.010438,   0.048770
   16348,   0.002380,  -0.017396,   0.060612
   16364,   0.002380,  -0.021058,   0.049625
   16380,   0.002991,  -0.009949,   0.041934
   16395,   0.003723,  -0.003113,   0.043277
   16411,   0.003601,   0.004822,   0.055851
   16427,   0.003601,  -0.006653,   0.059391
   16442,   0.005921,  -0.018861,   0.053287
   16458,   0.006287,  -0.010316,   0.059269
   16473,   0.003601,  -0.002136,   0.049502
   16489,   0.001404,  -0.002747,   0.040591
   16504,   0.002625,  -0.006775,   0.054019
   16520,   0.002503,  -0.003723,   0.062443
   16536,   0.001526,  -0.005921,   0.056949
   16551,   0.001404,  -0.006653,   0.060367
   16567,  -0.001160,  -0.011658,   0.053165
   16583,  -0.005310,  -0.000061,   0.055362
   16598,  -0.010193,   0.001526,   0.050235
   16614,  -0.010926,  -0.000183,   0.050357
   16630,  -0.012879,  -0.004822,   0.079045
   16645,  -0.016542,  -0.024721,   0.075017
   16661,  -0.000305,   0.011292,   0.023500
   16676,  -0.001404,   0.016908,   0.036074
   16692,  -0.003845,  -0.008362,   0.044742
   16708,   0.001648,  -0.023744,   0.041445
   16723,   0.003357,  -0.016542,   0.039614
   16739,   0.005677,  -0.005066,   0.038393
   16755,   0.006531,   0.007264,   0.031435
   16770,   0.004090,  -0.001648,   0.051578
   16786,   0.001404,  -0.006897,   0.053409
   16801,   0.000183,  -0.019227,   0.043521
   16817,  -0.000183,  -0.014588,   0.044253
   16833,   0.000793,  -0.016297,   0.050357
   16848,   0.003235,  -0.013734,   0.050967
   16864,   0.005310,   0.000183,   0.043521
   16879,   0.003357,   0.013978,   0.052554
   16895,  -0.007386,  -0.003235,   0.050845
   16911,  -0.018006,  -0.014588,   0.050845
   16926,  -0.019593,  -0.005921,   0.036196
   16942,  -0.021425,   0.019105,   0.054142
   16958,  -0.023744,   0.023744,   0.058536
   16973,  -0.017396,   0.015077,   0.060123
   16989,  -0.010682,   0.012025,   0.073186
   17004,   0.002258,  -0.019838,   0.020082
   17020,   0.002991,  -0.011048,   0.037417
   17036,  -0.002014,  -0.022157,   0.092474
   17051,   0.002014,  -0.008362,   0.036074
   17067,   0.001404,   0.024721,   0.099066
   17083,  -0.003357,  -0.006653,   0.050113
   17098,  -0.003235,  -0.012757,   0.101508
   17114,   0.002380,  -0.001770,   0.070500
   17130,   0.008362,   0.002258,   0.061954
   17145,   0.006775,  -0.003723,   0.065251
   17161,   0.002747,   0.002136,   0.066960
   17176,   0.000916,  -0.001404,   0.070622
   17192,   0.000916,  -0.003479,   0.068180
   17208,   0.000793,  -0.007264,   0.071110
   17223,   0.001160,  -0.000305,   0.083562
   17239,   0.001038,   0.008484,   0.082219
   17255,   0.000427,  -0.002014,   0.084173
   17270,   0.000793,  -0.013612,   0.081853
   17286,   0.003968,  -0.014710,   0.071599
   17301,   0.010438,   0.005066,   0.096014
   17317,   0.010682,   0.022401,   0.076848
   17333,   0.003968,   0.011781,   0.067814
   17348,   0.003235,  -0.000183,   0.090399
   17364,   0.005310,  -0.006653,   0.108588
   17379,   0.009827,  -0.018739,   0.091253
   17395,   0.012147,   0.000427,   0.093084
   17411,   0.011903,   0.005677,   0.092840
   17426,   0.008606,   0.019838,   0.092962
   17442,   0.003357,  -0.001526,   0.083806
   17458,   0.005555,  -0.013978,   0.067814
   17473,   0.007996,  -0.019838,   0.066838
   17489,   0.010682,   0.004212,   0.087591
   17504,   0.007752,   0.024721,   0.087713
   17520,   0.006409,   0.005310,   0.076726
   17536,   0.007630,  -0.007874,   0.089056
   17551,   0.008118,  -0.005921,   0.090276
   17567,   0.004456,   0.019960,   0.085027
   17583,   0.003845,   0.015443,   0.096380
   17598,   0.002136,   0.004822,   0.089056
   17614,   0.001770,  -0.000916,   0.079900
   17629,   0.003723,  -0.003601,   0.086004
   17645,   0.007508,  -0.002136,   0.094793
   17660,   0.005432,   0.009095,   0.102362
   17676,   0.001770,   0.017030,   0.091986
   17692,  -0.000549,   0.014466,   0.091131
   17707,   0.000671,   0.007020,   0.084661
   17723,   0.002258,   0.003968,   0.085515
   17739,   0.003479,   0.008240,   0.094916
   17754,   0.002380,   0.013734,   0.092230
   17770,   0.001404,   0.012147,   0.083806
   17786,   0.002014,   0.007386,   0.088079
   17801,   0.002503,   0.009339,   0.081609
   17817,   0.002869,   0.008240,   0.081731
   17832,   0.003235,   0.007386,   0.080388
   17848,   0.003113,   0.007508,   0.086858
   17864,   0.002991,   0.012757,   0.085515
   17879,   0.003113,   0.013123,   0.085882
   17895,   0.000671,   0.015077,   0.093451
   17911,  -0.000549,   0.015809,   0.089666
   17926,   0.001526,   0.006409,   0.097845
   17942,   0.002503,   0.007630,   0.088323
   17957,   0.003357,   0.019593,   0.077458
   17973,   0.001282,   0.025453,   0.090765
   17988,  -0.000549,   0.014710,   0.085515
   18004,  -0.001892,  -0.004212,   0.092596
   18020,  -0.001282,   0.004822,   0.101508
   18036,   0.002136,   0.000793,   0.107001
   18051,   0.003723,   0.012269,   0.091619
   18067,   0.001038,   0.016786,   0.091131
   18082,  -0.003479,   0.018006,   0.079900
   18098,  -0.007264,   0.018129,   0.079534
   18113,  -0.004212,  -0.014832,   0.090643
   18129,  -0.002869,  -0.002869,   0.058903
   18145,  -0.006775,   0.016664,   0.078313
   18160,  -0.007996,   0.035708,   0.082097
   18176,  -0.008118,   0.027895,   0.058048
   18192,  -0.006287,   0.010560,   0.069279
   18207,  -0.004944,  -0.003601,   0.085760
   18223,   0.001038,  -0.009827,   0.072941
   18238,   0.006165,  -0.000671,   0.064762
   18254,   0.003723,   0.022157,   0.062931
   18270,   0.001892,   0.020448,   0.064884
   18285,   0.000793,   0.005188,   0.073186
   18301,   0.002014,   0.003479,   0.078435
   18317,   0.002258,   0.006775,   0.077214
   18332,   0.003601,   0.020692,   0.079412
   18348,   0.003357,   0.022523,   0.069767
   18363,  -0.000183,   0.019593,   0.061100
   18379,  -0.003479,   0.018617,   0.065617
   18395,  -0.006531,   0.009095,   0.091497
   18410,  -0.010316,   0.009095,   0.085271
   18426,  -0.013001,   0.003845,   0.087225
   18442,  -0.015199,  -0.003235,   0.087957
   18457,  -0.014832,  -0.005921,   0.073552
   18473,  -0.014710,  -0.009583,   0.071232
   18488,  -0.008973,  -0.008973,   0.062077
   18504,  -0.002258,   0.006165,   0.063786
   18520,   0.003113,   0.030703,   0.049014
   18535,   0.004578,   0.034121,   0.048404
   18551,   0.002747,   0.015687,   0.058292
   18567,   0.003479,   0.004090,   0.062199
   18582,   0.007142,   0.020570,   0.058292
   18598,   0.007508,   0.021303,   0.049747
   18614,   0.007020,   0.030581,   0.053531
   18629,   0.002014,   0.018861,   0.064762
   18645,  -0.000061,  -0.002991,   0.061954
   18660,   0.000183,  -0.003113,   0.066960
   18676,   0.004700,   0.011414,   0.058170
   18692,   0.007264,   0.021425,   0.069523
   18707,  -0.000061,   0.014710,   0.067082
   18723,  -0.002136,   0.011170,   0.054264
   18738,  -0.001526,   0.005921,   0.048160
   18754,  -0.001038,   0.000061,   0.062321
   18770,  -0.000183,   0.016053,   0.063542
   18785,   0.002014,   0.016541,   0.071965
   18801,   0.002014,   0.009705,   0.064030
   18816,   0.001160,   0.005799,   0.060978
   18832,   0.000916,   0.004212,   0.054996
   18848,   0.003968,   0.003968,   0.065739
   18863,   0.006287,   0.013490,   0.070378
   18879,   0.006409,   0.017640,   0.068669
   18895,   0.001892,   0.020570,   0.066960
   18910,  -0.003845,   0.011170,   0.052066
   18926,  -0.002747,   0.026064,   0.128243
   18942,   0.003968,   0.005677,   0.063297
   18957,   0.008484,   0.000305,   0.033754
   18973,   0.007874,   0.004090,   0.063786
   18988,   0.004578,   0.018861,   0.072819
   19004,   0.003235,   0.019593,   0.068669
   19020,   0.000061,   0.029360,   0.115547
   19035,  -0.002258,   0.006287,   0.059513
   19051,  -0.002014,  -0.005432,   0.037539
   19067,   0.002258,   0.003601,   0.071721
   19082,   0.006287,   0.010804,   0.072697
   19098,   0.004578,   0.029604,   0.063542
   19113,   0.002503,   0.031191,   0.068791
   19129,  -0.000549,   0.015931,   0.065373
   19144,   0.000183,   0.002014,   0.072819
   19160,   0.001282,   0.002991,   0.078313
   19176,   0.000916,   0.011048,   0.069401
   19192,   0.001282,   0.013734,   0.060856
   19207,  -0.000549,   0.021303,   0.066105
   19223,  -0.000183,   0.014466,   0.071721
   19238,   0.000061,   0.003845,   0.074162
   19254,   0.001160,   0.002869,   0.069157
   19270,   0.002747,   0.011414,   0.069767
   19285,   0.000793,   0.012879,   0.072331
   19301,  -0.000549,   0.005555,   0.059635
   19316,   0.000916,   0.004212,   0.057315
   19332,   0.003479,   0.015199,   0.056583
   19348,   0.003113,   0.022279,   0.063053
   19363,   0.001038,   0.023622,   0.066105
   19379,  -0.000549,   0.018739,   0.061222
   19395,   0.000427,   0.018251,   0.061344
   19410,   0.002747,   0.010804,   0.056461
   19426,   0.003357,   0.008851,   0.069645
   19441,   0.002625,   0.013734,   0.075627
   19457,   0.000549,   0.022157,   0.067814
   19473,  -0.001404,   0.012513,   0.069767
   19488,  -0.002136,   0.013490,   0.055362
   19504,   0.001526,   0.014100,   0.066227
   19520,   0.002258,   0.020936,   0.062077
   19535,   0.001770,   0.017274,   0.055240
   19551,   0.000305,   0.017762,   0.049502
   19566,   0.000549,   0.000427,   0.049991
   19582,   0.002136,  -0.000549,   0.057560
   19598,   0.004456,   0.008240,   0.055973
   19613,   0.006775,   0.016541,   0.051700
   19629,   0.006531,   0.016908,   0.055118
   19644,   0.003601,   0.013368,   0.064640
   19660,  -0.000916,   0.011170,   0.065251
   19676,  -0.001160,   0.004944,   0.057193
   19691,   0.000671,   0.013734,   0.044742
   19707,   0.003113,   0.010682,   0.037661
   19723,   0.012391,   0.002625,   0.052432
   19738,   0.009705,   0.027406,   0.065739
   19754,   0.008606,   0.034731,   0.069157
   19770,  -0.002503,   0.032045,   0.057560
   19785,  -0.005310,   0.012635,   0.051212
   19801,  -0.003113,   0.008851,   0.053531
   19816,   0.003601,   0.015809,   0.045596
   19832,   0.001160,   0.027895,   0.045230
   19848,   0.000793,   0.018006,   0.043765
   19863,   0.006043,  -0.017152,   0.045474
   19879,   0.007508,  -0.013490,   0.053653
   19894,   0.001404,   0.031679,   0.051456
   19910,  -0.003601,   0.011903,   0.029848
   19926,  -0.007996,   0.009339,   0.058292
   19941,  -0.004090,   0.000916,   0.067204
   19957,   0.000183,   0.008240,   0.060367
   19973,  -0.003113,   0.038882,   0.051212
   19988,  -0.006287,   0.043154,   0.034731
   20004,  -0.007996,   0.022157,   0.048526
   20019,  -0.003357,   0.002380,   0.063053
   20035,   0.001526,   0.004700,   0.064762
   20051,   0.005188,   0.006775,   0.059269
   20066,   0.005921,   0.012025,   0.048648
   20082,   0.002991,   0.023744,   0.043154
   20098,  -0.000794,   0.027406,   0.040469
   20113,  -0.004456,   0.018006,   0.044253
   20129,  -0.005310,   0.004334,   0.049502
   20144,  -0.002258,   0.003479,   0.050845
   20160,  -0.001160,   0.010193,   0.059757
   20176,  -0.001404,   0.019105,   0.055729
   20191,  -0.002380,   0.027651,   0.051822
   20207,  -0.004212,   0.034243,   0.047916
   20222,  -0.006531,   0.021547,   0.061832
   20238,  -0.006165,   0.000305,   0.039980
   20254,   0.002258,   0.003235,   0.028871
   20269,   0.009949,   0.007020,   0.063419
   20285,   0.014955,   0.006287,   0.030458
   20300,   0.010316,   0.019960,   0.061588
   20316,   0.010682,   0.010316,   0.043643
   20332,   0.009949,   0.011292,   0.049991
   20347,   0.007630,   0.019227,   0.052066
   20363,   0.002503,   0.014344,   0.055729
   20379,  -0.000183,   0.012025,   0.054996
   20394,  -0.000427,   0.011781,   0.054264
   20410,  -0.004090,   0.016175,   0.048770
   20426,  -0.007752,   0.018251,   0.048160
   20441,  -0.007142,   0.005066,   0.039370
   20457,  -0.002991,   0.007630,   0.036074
   20472,  -0.001282,   0.006897,   0.033999
   20488,   0.001648,   0.016419,   0.038393
   20504,   0.001160,   0.010071,   0.045474
   20519,  -0.000305,   0.008362,   0.036562
   20535,   0.000305,   0.006043,   0.038760
   20551,   0.003601,   0.007752,   0.026796
   20566,   0.007264,   0.018739,   0.044375
   20582,   0.006653,   0.022157,   0.044742
   20597,   0.004700,   0.012635,   0.041567
   20613,   0.001038,   0.010682,   0.042300
   20628,  -0.001160,   0.003845,   0.045352
   20644,  -0.000183,  -0.004700,   0.027040
   20660,   0.002625,   0.010926,   0.014344
   20676,   0.002625,   0.012391,   0.028871
   20691,   0.001038,   0.004334,   0.034365
   20707,  -0.000061,   0.008973,   0.040713
   20722,  -0.001160,  -0.000183,   0.025453
   20738,   0.001038,   0.003235,   0.017884
   20753,   0.005066,   0.000916,   0.018861
   20769,   0.007264,   0.008973,   0.012513
   20785,   0.009461,   0.009583,   0.015443
   20800,   0.011658,   0.016786,   0.027895
   20816,   0.015443,   0.001282,  -0.001038
   20832,   0.020570,   0.002258,   0.005677
   20847,   0.024721,   0.001526,   0.029604
   20863,   0.024232,  -0.002136,   0.042300
   20879,   0.020692,   0.008240,   0.052554
   20894,   0.011414,   0.011536,   0.051456
   20910,   0.004090,   0.004212,   0.044497
   20925,   0.001282,   0.003845,   0.027284
   20941,   0.003601,   0.018006,   0.034609
   20957,   0.000916,   0.042056,   0.037539
   20972,  -0.000794,   0.035952,   0.036806
   20988,  -0.001892,   0.041567,   0.041445
   21004,  -0.002869,   0.033632,   0.041690
   21019,  -0.003968,   0.027406,   0.038760
   21035,  -0.003479,   0.026796,   0.036074
   21050,  -0.004456,   0.022401,   0.034975
   21066,  -0.007142,   0.020326,   0.028139
   21082,  -0.011292,   0.016664,   0.034487
   21097,  -0.018251,  -0.007386,   0.010560
   21113,  -0.019105,  -0.013001,  -0.004822
   21128,  -0.013001,  -0.005555,  -0.024355
   21144,  -0.002503,  -0.013245,  -0.026308
   21160,   0.000427,  -0.020082,  -0.021058
   21175,   0.003479,  -0.010071,  -0.007996
   21191,   0.004090,  -0.002991,   0.003235
   21207,   0.004578,  -0.003235,   0.017762
   21222,  -0.001160,  -0.004212,   0.030581
   21238,  -0.006897,  -0.012757,   0.031191
   21253,  -0.008484,  -0.019227,   0.013612
   21269,  -0.005310,  -0.003113,  -0.002503
   21285,  -0.006653,   0.002869,   0.000793
   21300,  -0.016297,  -0.011903,  -0.005188
   21316,  -0.012635,   0.000427,  -0.018251
   21332,   0.000305,   0.000183,  -0.011292
   21347,   0.008729,   0.013612,   0.010682
   21363,   0.009339,   0.017640,   0.019716
   21378,   0.005555,   0.021547,   0.020082
   21394,  -0.005799,   0.034243,   0.006897
   21410,  -0.008118,   0.036318,  -0.022890
   21425,  -0.001282,   0.040469,  -0.023378
   21441,   0.004822,   0.033999,  -0.001892
   21456,   0.009095,   0.027284,   0.032656
   21472,   0.004212,   0.020814,   0.050357
   21488,   0.001282,   0.018129,   0.036562
   21503,  -0.000916,   0.024721,   0.026918
   21519,  -0.003479,   0.029116,   0.006775
   21535,  -0.005921,   0.019227,  -0.003723
   21550,  -0.005188,   0.014955,  -0.006897
   21566,  -0.000549,   0.017152,  -0.009095
   21582,   0.003357,   0.017030,  -0.007752
   21597,   0.004212,   0.022401,  -0.002503
   21613,   0.001770,   0.013123,  -0.000061
   21628,  -0.002258,   0.010438,   0.001648
   21644,  -0.003601,   0.003968,  -0.006287
   21660,  -0.003479,   0.001160,  -0.005432
   21675,  -0.003113,   0.001770,  -0.005677
   21691,  -0.003113,   0.005310,  -0.014955
   21707,   0.000427,   0.001038,  -0.015565
   21722,   0.002503,   0.001648,  -0.012391
   21738,   0.001892,  -0.005799,  -0.007142
   21753,   0.002014,  -0.005188,  -0.001770
   21769,   0.001038,  -0.009583,   0.001038
   21784,  -0.000549,  -0.013245,  -0.005066
   21800,  -0.001038,   0.013490,  -0.027406
   21816,  -0.000671,   0.017030,  -0.033755
   21831,   0.002014,   0.007264,  -0.033388
   21847,   0.006043,   0.015443,  -0.013123
   21863,   0.006531,   0.018617,  -0.000794
   21878,   0.001526,   0.024721,  -0.001526
   21894,   0.001404,   0.017030,  -0.010071
   21910,   0.005677,   0.009217,   0.003113
   21925,   0.004456,   0.009705,   0.011658
   21941,  -0.000427,   0.012025,   0.011536
   21956,  -0.004700,   0.013123,   0.008240
   21972,  -0.006043,   0.005066,  -0.015077
   21988,  -0.004456,   0.001526,  -0.022767
